{
  "title": "Guess Who",
  "blocks": [
    {
      "value": 1,
      "name": "Jagathy Sreekumar",
      "block_image": "../../assets/persons/jagathy.png",
      "questions": [
        {
          "question": "Award given for Best original novel, written in the English language, and published in the UK and Ireland.",
          "answers": [
            {
              "answer": "Costa Book Awards"
            },
            {
              "answer": "Nobel Prize"
            },
            {
              "answer": "Neustadt International Prize for Literature"
            },
            {
              "answer": "Booker Prize"
            }
          ],
          "correct_answer": 4
        },
        {
          "question": "The first winner of Booker Prize",
          "answers": [
            {
              "answer": "PH Newby"
            },
            {
              "answer": "Bernice Rubens"
            },
            {
              "answer": "J. G. Farrell"
            },
            {
              "answer": "Gordon Williams"
            }
          ],
          "correct_answer": 1
        },
        {
          "question": "Word similar to freedom",
          "answers": [
            {
              "answer": "साहस / saahas"
            },
            {
              "answer": "आज़ादी / azadi"
            },
            {
              "answer": "बहादुर / bahaadur"
            },
            {
              "answer": "अधिकार / adhikaar"
            }
          ],
          "correct_answer": 2
        },
        {
          "question": "A place in kottayam from which a renowned novel has been set up",
          "answers": [
            {
              "answer": "Konni"
            },
            {
              "answer": "Kunnathunad"
            },
            {
              "answer": "Aymanam"
            },
            {
              "answer": "Ezhupunna"
            }
          ],
          "correct_answer": 3
        },
        {
          "question": "Who are estha and rahel",
          "answers": [
            {
              "answer": "Two characters in a fiction"
            },
            {
              "answer": "Celebrity couple"
            },
            {
              "answer": "Both"
            },
            {
              "answer": "None of the above"
            }
          ],
          "correct_answer": 1
        },
        {
          "question": "Capital of Meghalaya",
          "answers": [
            {
              "answer": "Aizawl"
            },
            {
              "answer": "Ranchi"
            },
            {
              "answer": "Shillong"
            },
            {
              "answer": "Gangtok"
            }
          ],
          "correct_answer": 3
        },
        {
          "question": "Mother of English Literature",
          "answers": [
            {
              "answer": "Jane Austen"
            },
            {
              "answer": "Charlotte Brontë"
            },
            {
              "answer": "Mary Shelley"
            },
            {
              "answer": "Virginia Woolf"
            }
          ],
          "correct_answer": 4
        },
        {
          "question": "Founder of Pallikoodam School in Kottayam",
          "answers": [
            {
              "answer": "Mariamma Paul"
            },
            {
              "answer": "Mary Roy"
            },
            {
              "answer": "Mammen Mathew"
            },
            {
              "answer": "C. S. Chandrika"
            }
          ],
          "correct_answer": 2
        },
        {
          "question": "Which film won the National Film Award for Best Screenplay in 1988",
          "answers": [
            {
              "answer": "Oru Vadakkan Veeragatha"
            },
            {
              "answer": "In Which Annie Gives It Those Ones"
            },
            {
              "answer": "Anantaram"
            },
            {
              "answer": "Mr. and Mrs. Iyer"
            }
          ],
          "correct_answer": 2
        },
        {
          "question": "Who was the first Indian Chief of Army Staff of the Indian Army",
          "answers": [
            {
              "answer": "Vice-Admiral R.D. Katari"
            },
            {
              "answer": "Gen. Maharaja Rajendra Singhji"
            },
            {
              "answer": "Gen. K.M. Cariappa"
            },
            {
              "answer": "None of the above"
            }
          ],
          "correct_answer": 3
        },
        {
          "question": "FRS stands for",
          "answers": [
            {
              "answer": "Fellow Research System"
            },
            {
              "answer": "Federation of Regulation Society"
            },
            {
              "answer": "Fellow of Royal Society"
            },
            {
              "answer": "None of the above"
            }
          ],
          "correct_answer": 3
        },
        {
          "question": "Escape velocity of a rocket fired from the earth towards the moon is a velocity to get rid of the",
          "answers": [
            {
              "answer": "Moon's gravitational pull"
            },
            {
              "answer": "Centripetal force due to the earth's rotation"
            },
            {
              "answer": "Pressure of the atmosphere"
            },
            {
              "answer": "Earth's gravitational pull"
            }
          ],
          "correct_answer": 4
        },
        {
          "question": "Coral reefs in India can be found in",
          "answers": [
            {
              "answer": "Rameshwaram"
            },
            {
              "answer": "The coast of Orissa"
            },
            {
              "answer": "Waltair"
            },
            {
              "answer": "Waltair"
            }
          ],
          "correct_answer": 1
        },
        {
          "question": "For safety, the fuse wire used in the mains for household supply of electricity must be made of metal having",
          "answers": [
            {
              "answer": "High resistance"
            },
            {
              "answer": "Low melting point"
            },
            {
              "answer": "High melting point"
            },
            {
              "answer": "Low specific heat"
            }
          ],
          "correct_answer": 2
        },
        {
          "question": "Golden Temple, Amritsar is India's",
          "answers": [
            {
              "answer": "Oldest Gurudwara"
            },
            {
              "answer": "Largest Gurdwara"
            },
            {
              "answer": "Both option A and B are correct"
            },
            {
              "answer": "None of the above"
            }
          ],
          "correct_answer": 2
        },
        {
          "question": "During World War I Germany was defeated in the Battle of Verdun on the western front and Romania declared war on the eastern front in the year",
          "answers": [
            {
              "answer": "1914 AD"
            },
            {
              "answer": "1915 AD"
            },
            {
              "answer": "1916 AD"
            },
            {
              "answer": "1917 AD"
            }
          ],
          "correct_answer": 3
        },
        {
          "question": "Heavy Water Project (Talcher) and Fertilizer plant (Paradeep) are famous industries of",
          "answers": [
            {
              "answer": "Orissa"
            },
            {
              "answer": "Tamil nadu"
            },
            {
              "answer": "Andhra Pradesh"
            },
            {
              "answer": "Kerala"
            }
          ],
          "correct_answer": 1
        },
        {
          "question": "Hamid Karzai was chosen president of Afghanistan in",
          "answers": [
            {
              "answer": "2000"
            },
            {
              "answer": "2001"
            },
            {
              "answer": "2002"
            },
            {
              "answer": "2003"
            }
          ],
          "correct_answer": 3
        },
        {
          "question": "Durand Cup is associated with the game of",
          "answers": [
            {
              "answer": "Cricket"
            },
            {
              "answer": "Football"
            },
            {
              "answer": "Hockey"
            },
            {
              "answer": "Volleyball"
            }
          ],
          "correct_answer": 2
        },
        {
          "question": "Headquarters of UNO are situated at",
          "answers": [
            {
              "answer": "Geneva"
            },
            {
              "answer": "Paris"
            },
            {
              "answer": "Hague (Netherlands)"
            },
            {
              "answer": "New York, USA"
            }
          ],
          "correct_answer": 4
        },
        {
          "question": "First International Peace Congress was held in London in",
          "answers": [
            {
              "answer": "1564 AD"
            },
            {
              "answer": "1798 AD"
            },
            {
              "answer": "1843 AD"
            },
            {
              "answer": "1901 AD"
            }
          ],
          "correct_answer": 3
        },
        {
          "question": "For seeing objects at the surface of water from a submarine under water, the instrument used is",
          "answers": [
            {
              "answer": "Kaleidoscope"
            },
            {
              "answer": "Periscope"
            },
            {
              "answer": "Spectroscope"
            },
            {
              "answer": "Telescope"
            }
          ],
          "correct_answer": 2
        },
        {
          "question": "Dr. Zakir Hussain was",
          "answers": [
            {
              "answer": "First vice president of India"
            },
            {
              "answer": "First president of Indian National Congress"
            },
            {
              "answer": "First speaker of Lok Sabha"
            },
            {
              "answer": "The first Muslim president of India"
            }
          ],
          "correct_answer": 4
        },
        {
          "question": "G-15 is an economic grouping of",
          "answers": [
            {
              "answer": "Second World Nations"
            },
            {
              "answer": "First World Nations"
            },
            {
              "answer": "Third World Nations"
            },
            {
              "answer": "Fourth World Nations"
            }
          ],
          "correct_answer": 3
        },
        {
          "question": "Fathometer is used to measure",
          "answers": [
            {
              "answer": "Earthquakes"
            },
            {
              "answer": "Rainfall"
            },
            {
              "answer": "Ocean depth"
            },
            {
              "answer": "Sound Intensity"
            }
          ],
          "correct_answer": 3
        }
      ]
    },
    {
      "value": 2,
      "name": "E. Sreedharan",
      "block_image": "../../assets/persons/sreedharan.jpg",
      "questions": [
        {
          "question": "The Olympic Flame, was, for the first time, ceremonially lighted and burnt in a giant torch at the entrance of the stadium at",
          "answers": [
            {
              "answer": "Athens Games (1896)"
            },
            {
              "answer": "London Games (1908)"
            },
            {
              "answer": "Paris Games (1924)"
            },
            {
              "answer": "Amsterdam Games (1928)"
            }
          ],
          "correct_answer": 4
        },
        {
          "question": "The reaction which converts sugar solution into alcohol is an example of",
          "answers": [
            {
              "answer": "saponification"
            },
            {
              "answer": "hydrogenation"
            },
            {
              "answer": "fermentation"
            },
            {
              "answer": "hydrolysis"
            }
          ],
          "correct_answer": 3
        },
        {
          "question": "The Scottish bacteriologist who discovered penicillin was",
          "answers": [
            {
              "answer": "Alexander Fleming"
            },
            {
              "answer": "Albert Einstein"
            },
            {
              "answer": "Archimeder"
            },
            {
              "answer": "Aryabhatta"
            }
          ],
          "correct_answer": 1
        },
        {
          "question": "The number of already named bones in the human skeleton is",
          "answers": [
            {
              "answer": "200"
            },
            {
              "answer": "206"
            },
            {
              "answer": "212"
            },
            {
              "answer": "218"
            }
          ],
          "correct_answer": 2
        },
        {
          "question": "The National Sports Festival for women was, for the first time, organized in",
          "answers": [
            {
              "answer": "1970"
            },
            {
              "answer": "1975"
            },
            {
              "answer": "1980"
            },
            {
              "answer": "1985"
            }
          ],
          "correct_answer": 2
        },
        {
          "question": "How much districts are there in Punjab?",
          "answers": [
            {
              "answer": "13"
            },
            {
              "answer": "17"
            },
            {
              "answer": "22"
            },
            {
              "answer": "15"
            }
          ],
          "correct_answer": 3
        },
        {
          "question": "India participated in Olympics Hockey in",
          "answers": [
            {
              "answer": "1918"
            },
            {
              "answer": "1928"
            },
            {
              "answer": "1938"
            },
            {
              "answer": "1948"
            }
          ],
          "correct_answer": 2
        },
        {
          "question": "If force is expressed in Newton and the distance in metre, then the work done is expressed in",
          "answers": [
            {
              "answer": "Joule"
            },
            {
              "answer": "Kg wt"
            },
            {
              "answer": "Kg wt m"
            },
            {
              "answer": "Watt"
            }
          ],
          "correct_answer": 1
        },
        {
          "question": "How many teeth does a normal adult dog have?",
          "answers": [
            {
              "answer": "32"
            },
            {
              "answer": "34"
            },
            {
              "answer": "38"
            },
            {
              "answer": "42"
            }
          ],
          "correct_answer": 4
        },
        {
          "question": "How many red blood cells does the bone marrow produce every second?",
          "answers": [
            {
              "answer": "2 million"
            },
            {
              "answer": "5 million"
            },
            {
              "answer": "7 million"
            },
            {
              "answer": "10 million"
            }
          ],
          "correct_answer": 1
        },
        {
          "question": "How many times has Brazil won the World Cup Football Championship?",
          "answers": [
            {
              "answer": "Four times"
            },
            {
              "answer": "Twice"
            },
            {
              "answer": "Five times"
            },
            {
              "answer": "Once"
            }
          ],
          "correct_answer": 3
        },
        {
          "question": "If speed of rotation of the earth increases, weight of the body",
          "answers": [
            {
              "answer": "increases"
            },
            {
              "answer": "remains unchanged"
            },
            {
              "answer": "decreases"
            },
            {
              "answer": "may decrease or increase"
            }
          ],
          "correct_answer": 3
        },
        {
          "question": "In August, 1996 at Kolar(near Bangalore), India made successful test flights of Unmanned Air Vehicle (UAV) named",
          "answers": [
            {
              "answer": "Arjun"
            },
            {
              "answer": "Nishant"
            },
            {
              "answer": "Vijayanta"
            },
            {
              "answer": "Lakshya"
            }
          ],
          "correct_answer": 2
        },
        {
          "question": "Indira Gandhi was assassinated in",
          "answers": [
            {
              "answer": "1974"
            },
            {
              "answer": "1984"
            },
            {
              "answer": "1994"
            },
            {
              "answer": "2004"
            }
          ],
          "correct_answer": 2
        },
        {
          "question": "India's first nuclear blast at Pokhran in Rajasthan took place in",
          "answers": [
            {
              "answer": "1984"
            },
            {
              "answer": "1974"
            },
            {
              "answer": "1964"
            },
            {
              "answer": "1954"
            }
          ],
          "correct_answer": 2
        },
        {
          "question": "How many players are there on each side in the game of Basketball?",
          "answers": [
            {
              "answer": "4"
            },
            {
              "answer": "5"
            },
            {
              "answer": "6"
            },
            {
              "answer": "7"
            }
          ],
          "correct_answer": 2
        },
        {
          "question": "In a normal human being, how much time does food take to reach the end of the intestine for complete absorption?",
          "answers": [
            {
              "answer": "About 8 hours"
            },
            {
              "answer": "About 12 hours"
            },
            {
              "answer": "About 16 hours"
            },
            {
              "answer": "About 18 hours"
            }
          ],
          "correct_answer": 2
        },
        {
          "question": "In cricket, the two sets of wickets are",
          "answers": [
            {
              "answer": "18 yards apart"
            },
            {
              "answer": "20 yards apart"
            },
            {
              "answer": "22 yards apart"
            },
            {
              "answer": "24 yards apart"
            }
          ],
          "correct_answer": 3
        },
        {
          "question": "In which of the followings places was the last Winter Olympics Games held?",
          "answers": [
            {
              "answer": "Albertville"
            },
            {
              "answer": "Lillehammer"
            },
            {
              "answer": "Sochi, Russia"
            },
            {
              "answer": "Salt Lake City (USA)"
            }
          ],
          "correct_answer": 3
        },
        {
          "question": "Hundred year war was fought between",
          "answers": [
            {
              "answer": "France and England"
            },
            {
              "answer": "Greek and Persian forces"
            },
            {
              "answer": "Civil war in England"
            },
            {
              "answer": "None of the above"
            }
          ],
          "correct_answer": 1
        },
        {
          "question": "India's Integrated Missiles Development Programme was started in ____ under the chairmanship of Dr. A.P.J. Abdul Kalam.",
          "answers": [
            {
              "answer": "1979-80"
            },
            {
              "answer": "1980-81"
            },
            {
              "answer": "1981-82"
            },
            {
              "answer": "1982-83"
            }
          ],
          "correct_answer": 4
        },
        {
          "question": "INS Agrani (Petty Officers' School) is situated at",
          "answers": [
            {
              "answer": "Mumbai"
            },
            {
              "answer": "Jamnagar"
            },
            {
              "answer": "Coimbatore"
            },
            {
              "answer": "Lonavla"
            }
          ],
          "correct_answer": 3
        },
        {
          "question": "India is the ____ grower of pulses.",
          "answers": [
            {
              "answer": "largest"
            },
            {
              "answer": "smallest"
            },
            {
              "answer": "appropriate for national need"
            },
            {
              "answer": "None of the above"
            }
          ],
          "correct_answer": 1
        },
        {
          "question": "In cricket, a run taken when the ball passes the batsman without touching his bat or body is called",
          "answers": [
            {
              "answer": "leg bye"
            },
            {
              "answer": "bye"
            },
            {
              "answer": "bosie"
            },
            {
              "answer": "drive"
            }
          ],
          "correct_answer": 2
        },
        {
          "question": "How many non-permanent Security Council (UNO) members are from Afro-Asian countries?",
          "answers": [
            {
              "answer": "5"
            },
            {
              "answer": "15"
            },
            {
              "answer": "2"
            },
            {
              "answer": "1"
            }
          ],
          "correct_answer": 1
        }
      ]
    },
    {
      "value": 3,
      "name": "Dharmajan Bolgatty",
      "block_image": "../../assets/persons/dharmajan.jpg",
      "questions": [
        {
          "question": "Where is India's first metro located?",
          "answers": [
            {
              "answer": "Delhi"
            },
            {
              "answer": "Kolkata"
            },
            {
              "answer": "Bangalore"
            },
            {
              "answer": "Kochi"
            }
          ],
          "correct_answer": 2
        },
        {
          "question": "Which is the Second highest civilian award In republic india",
          "answers": [
            {
              "answer": "Patma Vibooshan"
            },
            {
              "answer": "Param Veer Chakra"
            },
            {
              "answer": "Patma Shri"
            },
            {
              "answer": "Keerthi Chakra"
            }
          ],
          "correct_answer": 1
        },
        {
          "question": "India's first Sea Bridge is located in",
          "answers": [
            {
              "answer": "Tamilnadu"
            },
            {
              "answer": "Assam"
            },
            {
              "answer": "Mumbai"
            },
            {
              "answer": "Kolkata"
            }
          ],
          "correct_answer": 1
        },
        {
          "question": "Who among these is a close Companion of Krishna?",
          "answers": [
            {
              "answer": "Bheema"
            },
            {
              "answer": "Shiva"
            },
            {
              "answer": "Jadayu"
            },
            {
              "answer": "Radha"
            }
          ],
          "correct_answer": 4
        },
        {
          "question": "In which legend is Vararuchi present?",
          "answers": [
            {
              "answer": "Parayi petta panthirikulam"
            },
            {
              "answer": "Khasakkinte Itihasam"
            },
            {
              "answer": "Aithihyamala"
            },
            {
              "answer": "Bhagavath Geeta"
            }
          ],
          "correct_answer": 1
        },
        {
          "question": "Which movie starred Manju Warrier and Rima Kalingal?",
          "answers": [
            {
              "answer": "Premam"
            },
            {
              "answer": "How old are you"
            },
            {
              "answer": "Rani Padmini"
            },
            {
              "answer": "Aaram thampuran"
            }
          ],
          "correct_answer": 3
        },
        {
          "question": "Sree Chithira Thirunal Trust is in the memory of ?",
          "answers": [
            {
              "answer": "Maharajah Sree Chithira Thirunal Balarama Varma"
            },
            {
              "answer": "Uthradom Thirunal Marthanda Varma"
            },
            {
              "answer": "Anizham Thirunal Marthanda Varma I"
            },
            {
              "answer": "Pooradam Thirunal Sethu Lakshmi Bayi"
            }
          ],
          "correct_answer": 1
        },
        {
          "question": "Which district is called the granary of kerala",
          "answers": [
            {
              "answer": "Palakkad"
            },
            {
              "answer": "Thrissur"
            },
            {
              "answer": "Kozhikode"
            },
            {
              "answer": "Kottayam"
            }
          ],
          "correct_answer": 1
        },
        {
          "question": "Guess the birth year of Dr Manmohan Singh",
          "answers": [
            {
              "answer": "1920"
            },
            {
              "answer": "1932"
            },
            {
              "answer": "1947"
            },
            {
              "answer": "1940"
            }
          ],
          "correct_answer": 2
        },
        {
          "question": "Fire temple is the place of worship of which of the following religion?",
          "answers": [
            {
              "answer": "Taoism"
            },
            {
              "answer": "Judaism"
            },
            {
              "answer": "Zoroastrianism (Parsi Religion)"
            },
            {
              "answer": "Shintoism"
            }
          ],
          "correct_answer": 3
        },
        {
          "question": "For the Olympics and World Tournaments, the dimensions of basketball court are",
          "answers": [
            {
              "answer": "26 m x 14 m"
            },
            {
              "answer": "28 m x 15 m"
            },
            {
              "answer": "27 m x 16 m"
            },
            {
              "answer": "28 m x 16 m"
            }
          ],
          "correct_answer": 2
        },
        {
          "question": "Federation Cup, World Cup, Allywyn International Trophy and Challenge Cup are awarded to winners of",
          "answers": [
            {
              "answer": "Tennis"
            },
            {
              "answer": "Volleyball"
            },
            {
              "answer": "Basketball"
            },
            {
              "answer": "Cricket"
            }
          ],
          "correct_answer": 2
        },
        {
          "question": "Each year World Red Cross and Red Crescent Day is celebrated on",
          "answers": [
            {
              "answer": "May 8"
            },
            {
              "answer": "May 18"
            },
            {
              "answer": "June 8"
            },
            {
              "answer": "June 18"
            }
          ],
          "correct_answer": 1
        },
        {
          "question": "Famous sculptures depicting art of love built some time in 950 AD - 1050 AD are",
          "answers": [
            {
              "answer": "Khajuraho temples"
            },
            {
              "answer": "Jama Masjid"
            },
            {
              "answer": "Sun temple"
            },
            {
              "answer": "Mahabalipuram temples"
            }
          ],
          "correct_answer": 1
        },
        {
          "question": "Gravity setting chambers are used in industries to remove",
          "answers": [
            {
              "answer": "SOx"
            },
            {
              "answer": "NOx"
            },
            {
              "answer": "suspended particulate matter"
            },
            {
              "answer": "CO"
            }
          ],
          "correct_answer": 3
        },
        {
          "question": "Guwahati High Court is the judicature of",
          "answers": [
            {
              "answer": "Nagaland"
            },
            {
              "answer": "Arunachal Pradesh"
            },
            {
              "answer": "Assam"
            },
            {
              "answer": "All of the above"
            }
          ],
          "correct_answer": 4
        },
        {
          "question": "Friction can be reduced by changing from",
          "answers": [
            {
              "answer": "sliding to rolling"
            },
            {
              "answer": "rolling to sliding"
            },
            {
              "answer": "potential energy to kinetic energy"
            },
            {
              "answer": "dynamic to static"
            }
          ],
          "correct_answer": 1
        },
        {
          "question": "Film and TV institute of India is located at",
          "answers": [
            {
              "answer": "Pune (Maharashtra)"
            },
            {
              "answer": "Rajkot (Gujarat)"
            },
            {
              "answer": "Pimpri (Maharashtra)"
            },
            {
              "answer": "Perambur (Tamilnadu)"
            }
          ],
          "correct_answer": 1
        },
        {
          "question": "Georgia, Uzbekistan and Turkmenistan became the members of UNO in",
          "answers": [
            {
              "answer": "1991"
            },
            {
              "answer": "1992"
            },
            {
              "answer": "1993"
            },
            {
              "answer": "1994"
            }
          ],
          "correct_answer": 2
        },
        {
          "question": "Germany signed the Armistice Treaty on ____ and World War I ended",
          "answers": [
            {
              "answer": "January 19, 1918"
            },
            {
              "answer": "May 30, 1918"
            },
            {
              "answer": "November 11, 1918"
            },
            {
              "answer": "February 15, 1918"
            }
          ],
          "correct_answer": 3
        },
        {
          "question": "During World War II, when did Germany attack France?",
          "answers": [
            {
              "answer": "1940"
            },
            {
              "answer": "1941"
            },
            {
              "answer": "1942"
            },
            {
              "answer": "1943"
            }
          ],
          "correct_answer": 1
        },
        {
          "question": "The ozone layer restricts",
          "answers": [
            {
              "answer": "Visible light"
            },
            {
              "answer": "Infrared radiation"
            },
            {
              "answer": "X-rays and gamma rays"
            },
            {
              "answer": "Ultraviolet radiation"
            }
          ],
          "correct_answer": 4
        },
        {
          "question": "Ecology deals with",
          "answers": [
            {
              "answer": "Birds"
            },
            {
              "answer": "Cell formation"
            },
            {
              "answer": "Relation between organisms and their environment"
            },
            {
              "answer": "Tissues"
            }
          ],
          "correct_answer": 3
        },
        {
          "question": "Filaria is caused by",
          "answers": [
            {
              "answer": "Bacteria"
            },
            {
              "answer": "Mosquito"
            },
            {
              "answer": "Protozoa"
            },
            {
              "answer": "Virus"
            }
          ],
          "correct_answer": 2
        },
        {
          "question": "Goa Shipyard Limited (GSL) was established in",
          "answers": [
            {
              "answer": "1958"
            },
            {
              "answer": "1957"
            },
            {
              "answer": "1956"
            },
            {
              "answer": "1955"
            }
          ],
          "correct_answer": 2
        }
      ]
    },
    {
      "value": 4,
      "name": "Manoj Mathew",
      "block_image": "../../assets/persons/manoj.jpg",
      "questions": [
        {
          "question": "Berklee College of music is located in?",
          "answers": [
            {
              "answer": "New York"
            },
            {
              "answer": "Boston"
            },
            {
              "answer": "Los Angeles"
            },
            {
              "answer": "Chicago"
            }
          ],
          "correct_answer": 2
        },
        {
          "question": "How old was Pele when he made his first senior appearance for the Brazilian national team?",
          "answers": [
            {
              "answer": "16"
            },
            {
              "answer": "17"
            },
            {
              "answer": "18"
            },
            {
              "answer": "19"
            }
          ],
          "correct_answer": 1
        },
        {
          "question": "Second smallest state in India?",
          "answers": [
            {
              "answer": "Mizoram"
            },
            {
              "answer": "Meghalaya"
            },
            {
              "answer": "Sikkim"
            },
            {
              "answer": "Bhutan"
            }
          ],
          "correct_answer": 3
        },
        {
          "question": "Which is the famous International service organization founded by Paul P Harris?",
          "answers": [
            {
              "answer": "Rotary International"
            },
            {
              "answer": "3HS India"
            },
            {
              "answer": "African Monitor"
            },
            {
              "answer": "Agile Academy"
            }
          ],
          "correct_answer": 1
        },
        {
          "question": "In which year was the Madras State renamed as Tamil Nadu?",
          "answers": [
            {
              "answer": "1961"
            },
            {
              "answer": "1969"
            },
            {
              "answer": "1966"
            },
            {
              "answer": "1956"
            }
          ],
          "correct_answer": 2
        },
        {
          "question": "Dil Se.. ('From the Heart..') is a 1998 Indian Hindi-language romantic thriller film directed by?",
          "answers": [
            {
              "answer": "Rohit Shetty"
            },
            {
              "answer": "Mani Kandan"
            },
            {
              "answer": "Gopala Ratnam Subramaniam"
            },
            {
              "answer": "Yash Chopra"
            }
          ],
          "correct_answer": 3
        },
        {
          "question": "The name of the initial first-stage booster class of the SpaceX Starship.",
          "answers": [
            {
              "answer": "Super Light"
            },
            {
              "answer": "Super Heavy"
            },
            {
              "answer": "Apolo"
            },
            {
              "answer": "Starlink"
            }
          ],
          "correct_answer": 2
        },
        {
          "question": "Grand Central Terminal, Park Avenue, New York is the world's",
          "answers": [
            {
              "answer": "largest railway station"
            },
            {
              "answer": "highest railway station"
            },
            {
              "answer": "longest railway station"
            },
            {
              "answer": "None of the above"
            }
          ],
          "correct_answer": 1
        },
        {
          "question": "Entomology is the science that studies",
          "answers": [
            {
              "answer": "Behavior of human beings"
            },
            {
              "answer": "Insects"
            },
            {
              "answer": "The origin and history of technical and scientific terms"
            },
            {
              "answer": "The formation of rocks"
            }
          ],
          "correct_answer": 2
        },
        {
          "question": "Eritrea, which became the 182nd member of the UN in 1993, is in the continent of",
          "answers": [
            {
              "answer": "Asia"
            },
            {
              "answer": "Africa"
            },
            {
              "answer": "Europe"
            },
            {
              "answer": "Australia"
            }
          ],
          "correct_answer": 2
        },
        {
          "question": "Garampani sanctuary is located at",
          "answers": [
            {
              "answer": "Junagarh, Gujarat"
            },
            {
              "answer": "Diphu, Assam"
            },
            {
              "answer": "Kohima, Nagaland"
            },
            {
              "answer": "Gangtok, Sikkim"
            }
          ],
          "correct_answer": 2
        },
        {
          "question": "For which of the following disciplines is Nobel Prize awarded?",
          "answers": [
            {
              "answer": "Physics and Chemistry"
            },
            {
              "answer": "Physiology or Medicine"
            },
            {
              "answer": "Literature, Peace and Economics"
            },
            {
              "answer": "All of the above"
            }
          ],
          "correct_answer": 4
        },
        {
          "question": "Hitler party which came into power in 1933 is known as",
          "answers": [
            {
              "answer": "Labour Party"
            },
            {
              "answer": "Nazi Party"
            },
            {
              "answer": "Ku-Klux-Klan"
            },
            {
              "answer": "Democratic Party"
            }
          ],
          "correct_answer": 2
        },
        {
          "question": "FFC stands for",
          "answers": [
            {
              "answer": "Foreign Finance Corporation"
            },
            {
              "answer": "Film Finance Corporation"
            },
            {
              "answer": "Federation of Football Council"
            },
            {
              "answer": "None of the above"
            }
          ],
          "correct_answer": 2
        },
        {
          "question": "Fastest shorthand writer was",
          "answers": [
            {
              "answer": "Dr. G. D. Bist"
            },
            {
              "answer": "J.R.D. Tata"
            },
            {
              "answer": "J.M. Tagore"
            },
            {
              "answer": "Khudada Khan"
            }
          ],
          "correct_answer": 1
        },
        {
          "question": "Epsom (England) is the place associated with",
          "answers": [
            {
              "answer": "Horse racing"
            },
            {
              "answer": "Polo"
            },
            {
              "answer": "Shooting"
            },
            {
              "answer": "Snooker"
            }
          ],
          "correct_answer": 1
        },
        {
          "question": "First human heart transplant operation conducted by Dr. Christiaan Barnard on Louis Washkansky, was conducted in",
          "answers": [
            {
              "answer": "1967"
            },
            {
              "answer": "1968"
            },
            {
              "answer": "1958"
            },
            {
              "answer": "1922"
            }
          ],
          "correct_answer": 1
        },
        {
          "question": "Galileo was an Italian astronomer who",
          "answers": [
            {
              "answer": "developed the telescope"
            },
            {
              "answer": "discovered four satellites of Jupiter"
            },
            {
              "answer": "discovered that the movement of pendulum produces a regular time measurement"
            },
            {
              "answer": "All of the above"
            }
          ],
          "correct_answer": 4
        },
        {
          "question": "In which year did Sir Edmund Hillary reach the summit of Mount Everest?",
          "answers": [
            {
              "answer": "1952"
            },
            {
              "answer": "1953"
            },
            {
              "answer": "1954"
            },
            {
              "answer": "1955"
            }
          ],
          "correct_answer": 2
        },
        {
          "question": "Exposure to sunlight helps a person improve his health because",
          "answers": [
            {
              "answer": "the infrared light kills bacteria in the body"
            },
            {
              "answer": "resistance power increases"
            },
            {
              "answer": "the pigment cells in the skin get stimulated and produce a healthy tan"
            },
            {
              "answer": "the ultraviolet rays convert skin oil into Vitamin D"
            }
          ],
          "correct_answer": 4
        },
        {
          "question": "Golf player Vijay Singh belongs to which country?",
          "answers": [
            {
              "answer": "USA"
            },
            {
              "answer": "Fiji"
            },
            {
              "answer": "India"
            },
            {
              "answer": "UK"
            }
          ],
          "correct_answer": 2
        },
        {
          "question": "Guarantee to an exporter that the importer of his goods will pay immediately for the goods ordered by him, is known as",
          "answers": [
            {
              "answer": "Letter of Credit (L/C)"
            },
            {
              "answer": "laissezfaire"
            },
            {
              "answer": "Inflation"
            },
            {
              "answer": "None of the above"
            }
          ],
          "correct_answer": 1
        },
        {
          "question": "First Afghan War took place in",
          "answers": [
            {
              "answer": "1839"
            },
            {
              "answer": "1843"
            },
            {
              "answer": "1833"
            },
            {
              "answer": "1848"
            }
          ],
          "correct_answer": 1
        },
        {
          "question": "Gulf cooperation council was originally formed by",
          "answers": [
            {
              "answer": "Bahrain, Kuwait, Oman, Qatar, Saudi Arabia and United Arab Emirates"
            },
            {
              "answer": "Second World Nations"
            },
            {
              "answer": "Third World Nations"
            },
            {
              "answer": "Fourth World Nations"
            }
          ],
          "correct_answer": 1
        },
        {
          "question": "First China War was fought between",
          "answers": [
            {
              "answer": "China and Britain"
            },
            {
              "answer": "China and France"
            },
            {
              "answer": "China and Egypt"
            },
            {
              "answer": "China and Greek"
            }
          ],
          "correct_answer": 1
        }
      ]
    },
    {
      "value": 5,
      "name": "A. R. Rahman",
      "block_image": "../../assets/persons/rahman.png",
      "questions": [
        {
          "question": "India's first fast breeder neutron reactor was",
          "answers": [
            {
              "answer": "Zerlina"
            },
            {
              "answer": "Apsara"
            },
            {
              "answer": "Purnima-I"
            },
            {
              "answer": "Kamini"
            }
          ],
          "correct_answer": 4
        },
        {
          "question": "India's first atomic power station was set up at",
          "answers": [
            {
              "answer": "Surat (Gujarat)"
            },
            {
              "answer": "Tarapur (Maharashtra)"
            },
            {
              "answer": "Trombay (Maharashtra)"
            },
            {
              "answer": "Solapur (Maharashtra)"
            }
          ],
          "correct_answer": 2
        },
        {
          "question": "How many Ergs are there in 1 joule?",
          "answers": [
            {
              "answer": "102"
            },
            {
              "answer": "104"
            },
            {
              "answer": "106"
            },
            {
              "answer": "107"
            }
          ],
          "correct_answer": 4
        },
        {
          "question": "In which year a resolution 'Uniting for Peace' was adopted by UN General Assembly?",
          "answers": [
            {
              "answer": "1950"
            },
            {
              "answer": "1960"
            },
            {
              "answer": "1965"
            },
            {
              "answer": "1980"
            }
          ],
          "correct_answer": 1
        },
        {
          "question": "In which of the following organs of human body does maximum absorption of food take place?",
          "answers": [
            {
              "answer": "Gullet"
            },
            {
              "answer": "Large intestine"
            },
            {
              "answer": "Small intestine"
            },
            {
              "answer": "Stomach"
            }
          ],
          "correct_answer": 3
        },
        {
          "question": "For galvanizing iron which of the following metals is used?",
          "answers": [
            {
              "answer": "Aluminium"
            },
            {
              "answer": "Copper"
            },
            {
              "answer": "Lead"
            },
            {
              "answer": "Zinc"
            }
          ],
          "correct_answer": 4
        },
        {
          "question": "For purifying drinking water alum is used",
          "answers": [
            {
              "answer": "for coagulation of mud particles"
            },
            {
              "answer": "to kill bacteria"
            },
            {
              "answer": "to remove salts"
            },
            {
              "answer": "to remove gases"
            }
          ],
          "correct_answer": 1
        },
        {
          "question": "Hockey was introduced in the Asian Games in",
          "answers": [
            {
              "answer": "1958 in Tokyo"
            },
            {
              "answer": "1962 in Jakarta"
            },
            {
              "answer": "1966 in Bangkok"
            },
            {
              "answer": "1970 in Bangkok"
            }
          ],
          "correct_answer": 1
        },
        {
          "question": "Firdausi was",
          "answers": [
            {
              "answer": "a poet"
            },
            {
              "answer": "well known for his epic 'Shahnama'"
            },
            {
              "answer": "Both option A and B"
            },
            {
              "answer": "None of the above"
            }
          ],
          "correct_answer": 3
        },
        {
          "question": "Himalayan Mountaineering Institute is at",
          "answers": [
            {
              "answer": "Darjeeling"
            },
            {
              "answer": "Dehradun"
            },
            {
              "answer": "Marmago"
            },
            {
              "answer": "Dispur"
            }
          ],
          "correct_answer": 1
        },
        {
          "question": "During the first crusade, crusaders reached Jerusalem and captured it in",
          "answers": [
            {
              "answer": "1000 AD"
            },
            {
              "answer": "1099 AD"
            },
            {
              "answer": "1200 AD"
            },
            {
              "answer": "1515 AD"
            }
          ],
          "correct_answer": 2
        },
        {
          "question": "East Timor, which became the 191st member of the UN, is in the continent of",
          "answers": [
            {
              "answer": "Asia"
            },
            {
              "answer": "Africa"
            },
            {
              "answer": "Europe"
            },
            {
              "answer": "South America"
            }
          ],
          "correct_answer": 1
        },
        {
          "question": "Free surface of a liquid behaves like a sheet and tends to contract to the smallest possible area due to the",
          "answers": [
            {
              "answer": "force of adhesion"
            },
            {
              "answer": "force of friction"
            },
            {
              "answer": "centrifugal force"
            },
            {
              "answer": "force of cohesion"
            }
          ],
          "correct_answer": 4
        },
        {
          "question": "Excessive secretion from the pituitary gland in the children results in",
          "answers": [
            {
              "answer": "increased height"
            },
            {
              "answer": "retarded growth"
            },
            {
              "answer": "weakening of bones"
            },
            {
              "answer": "None of the above"
            }
          ],
          "correct_answer": 1
        },
        {
          "question": "In which year of First World War Germany declared war on Russia and France?",
          "answers": [
            {
              "answer": "1914"
            },
            {
              "answer": "1915"
            },
            {
              "answer": "1916"
            },
            {
              "answer": "1917"
            }
          ],
          "correct_answer": 1
        },
        {
          "question": "India has largest deposits of ____ in the world.",
          "answers": [
            {
              "answer": "gold"
            },
            {
              "answer": "copper"
            },
            {
              "answer": "mica"
            },
            {
              "answer": "None of the above"
            }
          ],
          "correct_answer": 3
        },
        {
          "question": "How many Lok Sabha seats belong to Rajasthan?",
          "answers": [
            {
              "answer": "32"
            },
            {
              "answer": "25"
            },
            {
              "answer": "30"
            },
            {
              "answer": "17"
            }
          ],
          "correct_answer": 2
        },
        {
          "question": "India's first satellite is named after",
          "answers": [
            {
              "answer": "Aryabhatta"
            },
            {
              "answer": "Bhaskara II"
            },
            {
              "answer": "Bhaskara I"
            },
            {
              "answer": "Albert Einstein"
            }
          ],
          "correct_answer": 1
        },
        {
          "question": "India's first atomic reactor was",
          "answers": [
            {
              "answer": "Zerlina"
            },
            {
              "answer": "Dhruva"
            },
            {
              "answer": "Apsara"
            },
            {
              "answer": "Kamini"
            }
          ],
          "correct_answer": 3
        },
        {
          "question": "In which year, terrorists crash two planes into New York's World Trade Centre on September 11 in a sequence of destruction?",
          "answers": [
            {
              "answer": "2000"
            },
            {
              "answer": "2001"
            },
            {
              "answer": "2002"
            },
            {
              "answer": "2003"
            }
          ],
          "correct_answer": 2
        },
        {
          "question": "India's first ocean wave's energy project was launched in",
          "answers": [
            {
              "answer": "1981"
            },
            {
              "answer": "1991"
            },
            {
              "answer": "1995"
            },
            {
              "answer": "2000"
            }
          ],
          "correct_answer": 2
        },
        {
          "question": "In 1945, fifty nations met to phrase the basic charter for a world organization which would 'save succeeding generations from the scourge of war'. This conference took place at",
          "answers": [
            {
              "answer": "Dumbarton Oaks"
            },
            {
              "answer": "London"
            },
            {
              "answer": "San Francisco"
            },
            {
              "answer": "Yalta"
            }
          ],
          "correct_answer": 3
        },
        {
          "question": "In a normal human body, the total number of red blood cells is",
          "answers": [
            {
              "answer": "15 trillion"
            },
            {
              "answer": "20 trillion"
            },
            {
              "answer": "25 trillion"
            },
            {
              "answer": "30 trillion"
            }
          ],
          "correct_answer": 4
        },
        {
          "question": "INS Venduruthy is located at",
          "answers": [
            {
              "answer": "Kochi"
            },
            {
              "answer": "Lonavla"
            },
            {
              "answer": "Jamnagar"
            },
            {
              "answer": "Mumbai"
            }
          ],
          "correct_answer": 1
        },
        {
          "question": "In which season do we need more fat?",
          "answers": [
            {
              "answer": "Rainy season"
            },
            {
              "answer": "Spring"
            },
            {
              "answer": "Winter"
            },
            {
              "answer": "Summer"
            }
          ],
          "correct_answer": 3
        }
      ]
    }
  ]
}
